"collectionCode","catalogNumber","verbatimWaterBody","Waterbody","verbatimContinent","Continent"
"Fish","8907",,"Caribbean Sea",,"North America"
"Fish","6314",,"Caribbean Sea",,"North America"
"Fish","6772",,"Caribbean Sea",,"North America"
"Fish","201357",,"Pacific Ocean","Asia","Asia"
"Fish","201358",,"Pacific Ocean","Asia","Asia"
"Fish","201360",,"Pacific Ocean","Asia","Asia"
"Fish","201373",,"Pacific Ocean","Asia","Asia"
"Fish","201362",,"Pacific Ocean","Asia","Asia"
"Fish","201361",,"Pacific Ocean","Asia","Asia"
"Fish","201359",,"Pacific Ocean","Asia","Asia"
"Fish","201374",,"Pacific Ocean","Asia","Asia"
"Fish","201375",,"Pacific Ocean","Asia","Asia"
"Fish","201376",,"Pacific Ocean","Asia","Asia"
"Fish","201363",,"Pacific Ocean","Asia","Asia"
"Fish","201355",,"Pacific Ocean","Asia","Asia"
"Fish","201547",,"Pacific Ocean","Asia","Asia"
"Fish","201354",,"Pacific Ocean","Asia","Asia"
"Fish","201625",,"Pacific Ocean","Asia","Asia"
"Fish","201626",,"Pacific Ocean","Asia","Asia"
"Fish","201356",,"Pacific Ocean","Asia","Asia"
"Fish","201548",,"Pacific Ocean","Asia","Asia"
"Fish","201640",,"Pacific Ocean","Asia","Asia"
"Fish","201627",,"Pacific Ocean","Asia","Asia"
"Fish","201550",,"Pacific Ocean","Asia","Asia"
"Fish","201551",,"Pacific Ocean","Asia","Asia"
"Fish","201552",,"Pacific Ocean","Asia","Asia"
"Fish","201367",,"Pacific Ocean","Asia","Asia"
"Fish","201369",,"Pacific Ocean","Asia","Asia"
"Fish","201546",,"Pacific Ocean","Asia","Asia"
"Fish","201549",,"Pacific Ocean","Asia","Asia"
"Fish","201364",,"Pacific Ocean","Asia","Asia"
"Fish","201371",,"Pacific Ocean","Asia","Asia"
"Fish","201372",,"Pacific Ocean","Asia","Asia"
"Fish","201545",,"Pacific Ocean","Asia","Asia"
"Fish","201544",,"Pacific Ocean","Asia","Asia"
"Fish","201543",,"Pacific Ocean","Asia","Asia"
"Fish","201542",,"Pacific Ocean","Asia","Asia"
"Fish","201365",,"Pacific Ocean","Asia","Asia"
"Fish","201370",,"Pacific Ocean","Asia","Asia"
"Fish","201464",,"Pacific Ocean","Asia","Asia"
"Fish","201639",,"Pacific Ocean","Asia","Asia"
"Fish","201641",,"Pacific Ocean","Asia","Asia"
"Fish","201642",,"Pacific Ocean","Asia","Asia"
"Fish","201377",,"Pacific Ocean","Asia","Asia"
"Fish","201368",,"Pacific Ocean","Asia","Asia"
"Fish","201624",,"Pacific Ocean","Asia","Asia"
"Fish","201638",,"Pacific Ocean","Asia","Asia"
"Fish","201465",,"Pacific Ocean","Asia","Asia"
"Fish","201500",,"Pacific Ocean","Asia","Asia"
"Fish","201463",,"Pacific Ocean","Asia","Asia"
"Fish","201462",,"Pacific Ocean","Asia","Asia"
"Fish","201461",,"Pacific Ocean","Asia","Asia"
"Fish","201460",,"Pacific Ocean","Asia","Asia"
"Fish","201459",,"Pacific Ocean","Asia","Asia"
"Fish","201458",,"Pacific Ocean","Asia","Asia"
"Fish","201457",,"Pacific Ocean","Asia","Asia"
"Fish","201466",,"Pacific Ocean","Asia","Asia"
"Fish","201593",,"Pacific Ocean","Asia","Asia"
"Fish","201629",,"Pacific Ocean","Asia","Asia"
"Fish","201630",,"Pacific Ocean","Asia","Asia"
"Fish","201631",,"Pacific Ocean","Asia","Asia"
"Fish","201632",,"Pacific Ocean","Asia","Asia"
"Fish","201633",,"Pacific Ocean","Asia","Asia"
"Fish","201634",,"Pacific Ocean","Asia","Asia"
"Fish","201635",,"Pacific Ocean","Asia","Asia"
"Fish","201637",,"Pacific Ocean","Asia","Asia"
"Fish","201594",,"Pacific Ocean","Asia","Asia"
"Fish","201636",,"Pacific Ocean","Asia","Asia"
"Fish","201592",,"Pacific Ocean","Asia","Asia"
"Fish","201591",,"Pacific Ocean","Asia","Asia"
"Fish","201504",,"Pacific Ocean","Asia","Asia"
"Fish","201503",,"Pacific Ocean","Asia","Asia"
"Fish","201502",,"Pacific Ocean","Asia","Asia"
"Fish","201501",,"Pacific Ocean","Asia","Asia"
"Fish","201628",,"Pacific Ocean","Asia","Asia"
"Fish","201595",,"Pacific Ocean","Asia","Asia"
"Fish","201553",,"Pacific Ocean","Asia","Asia"
"Fish","201565",,"Pacific Ocean","Asia","Asia"
"Fish","201530",,"Pacific Ocean","Asia","Asia"
"Fish","201531",,"Pacific Ocean","Asia","Asia"
"Fish","201532",,"Pacific Ocean","Asia","Asia"
"Fish","201533",,"Pacific Ocean","Asia","Asia"
"Fish","201534",,"Pacific Ocean","Asia","Asia"
"Fish","201535",,"Pacific Ocean","Asia","Asia"
"Fish","201536",,"Pacific Ocean","Asia","Asia"
"Fish","201537",,"Pacific Ocean","Asia","Asia"
"Fish","201538",,"Pacific Ocean","Asia","Asia"
"Fish","201539",,"Pacific Ocean","Asia","Asia"
"Fish","201528",,"Pacific Ocean","Asia","Asia"
"Fish","201541",,"Pacific Ocean","Asia","Asia"
"Fish","201527",,"Pacific Ocean","Asia","Asia"
"Fish","201554",,"Pacific Ocean","Asia","Asia"
"Fish","201555",,"Pacific Ocean","Asia","Asia"
"Fish","201556",,"Pacific Ocean","Asia","Asia"
"Fish","201557",,"Pacific Ocean","Asia","Asia"
"Fish","201558",,"Pacific Ocean","Asia","Asia"
"Fish","201559",,"Pacific Ocean","Asia","Asia"
"Fish","201560",,"Pacific Ocean","Asia","Asia"
"Fish","201561",,"Pacific Ocean","Asia","Asia"
"Fish","201562",,"Pacific Ocean","Asia","Asia"
"Fish","201563",,"Pacific Ocean","Asia","Asia"
"Fish","201496",,"Pacific Ocean","Asia","Asia"
"Fish","201540",,"Pacific Ocean","Asia","Asia"
"Fish","201515",,"Pacific Ocean","Asia","Asia"
"Fish","201497",,"Pacific Ocean","Asia","Asia"
"Fish","201498",,"Pacific Ocean","Asia","Asia"
"Fish","201499",,"Pacific Ocean","Asia","Asia"
"Fish","201505",,"Pacific Ocean","Asia","Asia"
"Fish","201506",,"Pacific Ocean","Asia","Asia"
"Fish","201507",,"Pacific Ocean","Asia","Asia"
"Fish","201508",,"Pacific Ocean","Asia","Asia"
"Fish","201378",,"Pacific Ocean","Asia","Asia"
"Fish","201510",,"Pacific Ocean","Asia","Asia"
"Fish","201366",,"Pacific Ocean","Asia","Asia"
"Fish","201512",,"Pacific Ocean","Asia","Asia"
"Fish","201529",,"Pacific Ocean","Asia","Asia"
"Fish","201514",,"Pacific Ocean","Asia","Asia"
"Fish","201566",,"Pacific Ocean","Asia","Asia"
"Fish","201516",,"Pacific Ocean","Asia","Asia"
"Fish","201517",,"Pacific Ocean","Asia","Asia"
"Fish","201518",,"Pacific Ocean","Asia","Asia"
"Fish","201519",,"Pacific Ocean","Asia","Asia"
"Fish","201520",,"Pacific Ocean","Asia","Asia"
"Fish","201521",,"Pacific Ocean","Asia","Asia"
"Fish","201522",,"Pacific Ocean","Asia","Asia"
"Fish","201523",,"Pacific Ocean","Asia","Asia"
"Fish","201524",,"Pacific Ocean","Asia","Asia"
"Fish","201525",,"Pacific Ocean","Asia","Asia"
"Fish","201526",,"Pacific Ocean","Asia","Asia"
"Fish","201513",,"Pacific Ocean","Asia","Asia"
"Fish","201612",,"Pacific Ocean","Asia","Asia"
"Fish","201564",,"Pacific Ocean","Asia","Asia"
"Fish","201600",,"Pacific Ocean","Asia","Asia"
"Fish","201601",,"Pacific Ocean","Asia","Asia"
"Fish","201602",,"Pacific Ocean","Asia","Asia"
"Fish","201603",,"Pacific Ocean","Asia","Asia"
"Fish","201604",,"Pacific Ocean","Asia","Asia"
"Fish","201605",,"Pacific Ocean","Asia","Asia"
"Fish","201606",,"Pacific Ocean","Asia","Asia"
"Fish","201607",,"Pacific Ocean","Asia","Asia"
"Fish","201608",,"Pacific Ocean","Asia","Asia"
"Fish","201609",,"Pacific Ocean","Asia","Asia"
"Fish","201598",,"Pacific Ocean","Asia","Asia"
"Fish","201611",,"Pacific Ocean","Asia","Asia"
"Fish","201597",,"Pacific Ocean","Asia","Asia"
"Fish","201613",,"Pacific Ocean","Asia","Asia"
"Fish","201614",,"Pacific Ocean","Asia","Asia"
"Fish","201615",,"Pacific Ocean","Asia","Asia"
"Fish","201616",,"Pacific Ocean","Asia","Asia"
"Fish","201617",,"Pacific Ocean","Asia","Asia"
"Fish","201618",,"Pacific Ocean","Asia","Asia"
"Fish","201619",,"Pacific Ocean","Asia","Asia"
"Fish","201620",,"Pacific Ocean","Asia","Asia"
"Fish","201621",,"Pacific Ocean","Asia","Asia"
"Fish","201622",,"Pacific Ocean","Asia","Asia"
"Fish","201623",,"Pacific Ocean","Asia","Asia"
"Fish","201610",,"Pacific Ocean","Asia","Asia"
"Fish","201580",,"Pacific Ocean","Asia","Asia"
"Fish","201567",,"Pacific Ocean","Asia","Asia"
"Fish","201568",,"Pacific Ocean","Asia","Asia"
"Fish","201569",,"Pacific Ocean","Asia","Asia"
"Fish","201570",,"Pacific Ocean","Asia","Asia"
"Fish","201571",,"Pacific Ocean","Asia","Asia"
"Fish","201572",,"Pacific Ocean","Asia","Asia"
"Fish","201573",,"Pacific Ocean","Asia","Asia"
"Fish","201574",,"Pacific Ocean","Asia","Asia"
"Fish","201575",,"Pacific Ocean","Asia","Asia"
"Fish","201576",,"Pacific Ocean","Asia","Asia"
"Fish","201577",,"Pacific Ocean","Asia","Asia"
"Fish","201599",,"Pacific Ocean","Asia","Asia"
"Fish","201579",,"Pacific Ocean","Asia","Asia"
"Fish","201509",,"Pacific Ocean","Asia","Asia"
"Fish","201581",,"Pacific Ocean","Asia","Asia"
"Fish","201582",,"Pacific Ocean","Asia","Asia"
"Fish","201583",,"Pacific Ocean","Asia","Asia"
"Fish","201584",,"Pacific Ocean","Asia","Asia"
"Fish","201585",,"Pacific Ocean","Asia","Asia"
"Fish","201586",,"Pacific Ocean","Asia","Asia"
"Fish","201587",,"Pacific Ocean","Asia","Asia"
"Fish","201588",,"Pacific Ocean","Asia","Asia"
"Fish","201589",,"Pacific Ocean","Asia","Asia"
"Fish","201590",,"Pacific Ocean","Asia","Asia"
"Fish","201596",,"Pacific Ocean","Asia","Asia"
"Fish","201578",,"Pacific Ocean","Asia","Asia"
"Fish","201419",,"Pacific Ocean","Asia","Asia"
"Fish","201431",,"Pacific Ocean","Asia","Asia"
"Fish","201407",,"Pacific Ocean","Asia","Asia"
"Fish","201408",,"Pacific Ocean","Asia","Asia"
"Fish","201409",,"Pacific Ocean","Asia","Asia"
"Fish","201410",,"Pacific Ocean","Asia","Asia"
"Fish","201411",,"Pacific Ocean","Asia","Asia"
"Fish","201412",,"Pacific Ocean","Asia","Asia"
"Fish","201413",,"Pacific Ocean","Asia","Asia"
"Fish","201414",,"Pacific Ocean","Asia","Asia"
"Fish","201415",,"Pacific Ocean","Asia","Asia"
"Fish","201416",,"Pacific Ocean","Asia","Asia"
"Fish","201405",,"Pacific Ocean","Asia","Asia"
"Fish","201418",,"Pacific Ocean","Asia","Asia"
"Fish","201404",,"Pacific Ocean","Asia","Asia"
"Fish","201511",,"Pacific Ocean","Asia","Asia"
"Fish","201421",,"Pacific Ocean","Asia","Asia"
"Fish","201495",,"Pacific Ocean","Asia","Asia"
"Fish","201423",,"Pacific Ocean","Asia","Asia"
"Fish","201424",,"Pacific Ocean","Asia","Asia"
"Fish","201425",,"Pacific Ocean","Asia","Asia"
"Fish","201426",,"Pacific Ocean","Asia","Asia"
"Fish","201427",,"Pacific Ocean","Asia","Asia"
"Fish","201428",,"Pacific Ocean","Asia","Asia"
"Fish","201429",,"Pacific Ocean","Asia","Asia"
"Fish","201430",,"Pacific Ocean","Asia","Asia"
"Fish","201417",,"Pacific Ocean","Asia","Asia"
"Fish","201392",,"Pacific Ocean","Asia","Asia"
"Fish","201379",,"Pacific Ocean","Asia","Asia"
"Fish","201380",,"Pacific Ocean","Asia","Asia"
"Fish","201381",,"Pacific Ocean","Asia","Asia"
"Fish","201382",,"Pacific Ocean","Asia","Asia"
"Fish","201383",,"Pacific Ocean","Asia","Asia"
"Fish","201384",,"Pacific Ocean","Asia","Asia"
"Fish","201385",,"Pacific Ocean","Asia","Asia"
"Fish","201386",,"Pacific Ocean","Asia","Asia"
"Fish","201387",,"Pacific Ocean","Asia","Asia"
"Fish","201388",,"Pacific Ocean","Asia","Asia"
"Fish","201389",,"Pacific Ocean","Asia","Asia"
"Fish","201406",,"Pacific Ocean","Asia","Asia"
"Fish","201391",,"Pacific Ocean","Asia","Asia"
"Fish","201422",,"Pacific Ocean","Asia","Asia"
"Fish","201393",,"Pacific Ocean","Asia","Asia"
"Fish","201394",,"Pacific Ocean","Asia","Asia"
"Fish","201395",,"Pacific Ocean","Asia","Asia"
"Fish","201396",,"Pacific Ocean","Asia","Asia"
"Fish","201397",,"Pacific Ocean","Asia","Asia"
"Fish","201398",,"Pacific Ocean","Asia","Asia"
"Fish","201399",,"Pacific Ocean","Asia","Asia"
"Fish","201400",,"Pacific Ocean","Asia","Asia"
"Fish","201401",,"Pacific Ocean","Asia","Asia"
"Fish","201402",,"Pacific Ocean","Asia","Asia"
"Fish","201403",,"Pacific Ocean","Asia","Asia"
"Fish","201390",,"Pacific Ocean","Asia","Asia"
"Fish","201487",,"Pacific Ocean","Asia","Asia"
"Fish","201475",,"Pacific Ocean","Asia","Asia"
"Fish","201480",,"Pacific Ocean","Asia","Asia"
"Fish","201479",,"Pacific Ocean","Asia","Asia"
"Fish","201481",,"Pacific Ocean","Asia","Asia"
"Fish","201494",,"Pacific Ocean","Asia","Asia"
"Fish","201493",,"Pacific Ocean","Asia","Asia"
"Fish","201492",,"Pacific Ocean","Asia","Asia"
"Fish","201491",,"Pacific Ocean","Asia","Asia"
"Fish","201432",,"Pacific Ocean","Asia","Asia"
"Fish","201490",,"Pacific Ocean","Asia","Asia"
"Fish","201420",,"Pacific Ocean","Asia","Asia"
"Fish","201469",,"Pacific Ocean","Asia","Asia"
"Fish","201488",,"Pacific Ocean","Asia","Asia"
"Fish","201468",,"Pacific Ocean","Asia","Asia"
"Fish","201486",,"Pacific Ocean","Asia","Asia"
"Fish","201485",,"Pacific Ocean","Asia","Asia"
"Fish","201484",,"Pacific Ocean","Asia","Asia"
"Fish","201478",,"Pacific Ocean","Asia","Asia"
"Fish","201472",,"Pacific Ocean","Asia","Asia"
"Fish","201483",,"Pacific Ocean","Asia","Asia"
"Fish","201473",,"Pacific Ocean","Asia","Asia"
"Fish","201482",,"Pacific Ocean","Asia","Asia"
"Fish","201477",,"Pacific Ocean","Asia","Asia"
"Fish","201476",,"Pacific Ocean","Asia","Asia"
"Fish","201474",,"Pacific Ocean","Asia","Asia"
"Fish","201489",,"Pacific Ocean","Asia","Asia"
"Fish","201446",,"Pacific Ocean","Asia","Asia"
"Fish","201433",,"Pacific Ocean","Asia","Asia"
"Fish","201434",,"Pacific Ocean","Asia","Asia"
"Fish","201435",,"Pacific Ocean","Asia","Asia"
"Fish","201436",,"Pacific Ocean","Asia","Asia"
"Fish","201437",,"Pacific Ocean","Asia","Asia"
"Fish","201438",,"Pacific Ocean","Asia","Asia"
"Fish","201439",,"Pacific Ocean","Asia","Asia"
"Fish","201440",,"Pacific Ocean","Asia","Asia"
"Fish","201441",,"Pacific Ocean","Asia","Asia"
"Fish","201442",,"Pacific Ocean","Asia","Asia"
"Fish","201443",,"Pacific Ocean","Asia","Asia"
"Fish","201470",,"Pacific Ocean","Asia","Asia"
"Fish","201445",,"Pacific Ocean","Asia","Asia"
"Fish","201471",,"Pacific Ocean","Asia","Asia"
"Fish","201447",,"Pacific Ocean","Asia","Asia"
"Fish","201448",,"Pacific Ocean","Asia","Asia"
"Fish","201449",,"Pacific Ocean","Asia","Asia"
"Fish","201450",,"Pacific Ocean","Asia","Asia"
"Fish","201451",,"Pacific Ocean","Asia","Asia"
"Fish","201452",,"Pacific Ocean","Asia","Asia"
"Fish","201453",,"Pacific Ocean","Asia","Asia"
"Fish","201454",,"Pacific Ocean","Asia","Asia"
"Fish","201455",,"Pacific Ocean","Asia","Asia"
"Fish","201456",,"Pacific Ocean","Asia","Asia"
"Fish","201467",,"Pacific Ocean","Asia","Asia"
"Fish","201444",,"Pacific Ocean","Asia","Asia"
"Fish","150947",,"Pacific Ocean","Asia","Asia"
"Fish","150948",,"Pacific Ocean","Asia","Asia"
"Fish","198340",,"Atlantic Ocean","Atlantic Ocean",
"Fish","79168",,"Atlantic Ocean","Atlantic Ocean",
"Fish","75898",,"Atlantic Ocean","Atlantic Ocean",
"Fish","79155",,"Atlantic Ocean","Atlantic Ocean",
"Fish","79165",,"Atlantic Ocean","Atlantic Ocean",
"Fish","79161",,"Atlantic Ocean","Atlantic Ocean",
"Fish","79156",,"Atlantic Ocean","Atlantic Ocean",
"Fish","79157",,"Atlantic Ocean","Atlantic Ocean",
"Fish","79158",,"Atlantic Ocean","Atlantic Ocean",
"Fish","75888",,"Atlantic Ocean","Atlantic Ocean",
"Fish","79160",,"Atlantic Ocean","Atlantic Ocean",
"Fish","79169",,"Atlantic Ocean","Atlantic Ocean",
"Fish","79172",,"Atlantic Ocean","Atlantic Ocean",
"Fish","79174",,"Atlantic Ocean","Atlantic Ocean",
"Fish","79176",,"Atlantic Ocean","Atlantic Ocean",
"Fish","75887",,"Atlantic Ocean","Atlantic Ocean",
"Fish","79177",,"Atlantic Ocean","Atlantic Ocean",
"Fish","79173",,"Atlantic Ocean","Atlantic Ocean",
"Fish","79178",,"Atlantic Ocean","Atlantic Ocean",
"Fish","79179",,"Atlantic Ocean","Atlantic Ocean",
"Fish","79175",,"Atlantic Ocean","Atlantic Ocean",
"Fish","79159",,"Atlantic Ocean","Atlantic Ocean",
"Fish","75957",,"Atlantic Ocean","Atlantic Ocean",
"Fish","75889",,"Atlantic Ocean","Atlantic Ocean",
"Fish","75909",,"Atlantic Ocean","Atlantic Ocean",
"Fish","75890",,"Atlantic Ocean","Atlantic Ocean",
"Fish","75899",,"Atlantic Ocean","Atlantic Ocean",
"Fish","75901",,"Atlantic Ocean","Atlantic Ocean",
"Fish","75896",,"Atlantic Ocean","Atlantic Ocean",
"Fish","75904",,"Atlantic Ocean","Atlantic Ocean",
"Fish","75955",,"Atlantic Ocean","Atlantic Ocean",
"Fish","75897",,"Atlantic Ocean","Atlantic Ocean",
"Fish","75953",,"Atlantic Ocean","Atlantic Ocean",
"Fish","75954",,"Atlantic Ocean","Atlantic Ocean",
"Fish","75959",,"Atlantic Ocean","Atlantic Ocean",
"Fish","75958",,"Atlantic Ocean","Atlantic Ocean",
"Fish","79198",,"Atlantic Ocean","Atlantic Ocean",
"Fish","79196",,"Atlantic Ocean","Atlantic Ocean",
"Fish","79195",,"Atlantic Ocean","Atlantic Ocean",
"Fish","79197",,"Atlantic Ocean","Atlantic Ocean",
"Fish","79194",,"Atlantic Ocean","Atlantic Ocean",
"Fish","79193",,"Atlantic Ocean","Atlantic Ocean",
"Fish","79192",,"Atlantic Ocean","Atlantic Ocean",
"Fish","180959",,"Atlantic Ocean","Atlantic Ocean",
"Fish","75956",,"Atlantic Ocean","Atlantic Ocean",
"Fish","79167",,"Atlantic Ocean","Atlantic Ocean",
"Fish","75906",,"Atlantic Ocean","Atlantic Ocean",
"Fish","75900",,"Atlantic Ocean","Atlantic Ocean",
"Fish","75894",,"Atlantic Ocean","Atlantic Ocean",
"Fish","75893",,"Atlantic Ocean","Atlantic Ocean",
"Fish","75903",,"Atlantic Ocean","Atlantic Ocean",
"Fish","75892",,"Atlantic Ocean","Atlantic Ocean",
"Fish","75902",,"Atlantic Ocean","Atlantic Ocean",
"Fish","79170",,"Atlantic Ocean","Atlantic Ocean",
"Fish","79154",,"Atlantic Ocean","Atlantic Ocean",
"Fish","79166",,"Atlantic Ocean","Atlantic Ocean",
"Fish","79163",,"Atlantic Ocean","Atlantic Ocean",
"Fish","79162",,"Atlantic Ocean","Atlantic Ocean",
"Fish","79164",,"Atlantic Ocean","Atlantic Ocean",
"Fish","75895",,"Atlantic Ocean","Atlantic Ocean",
"Fish","75905",,"Atlantic Ocean","Atlantic Ocean",
"Fish","75907",,"Atlantic Ocean","Atlantic Ocean",
"Fish","79171",,"Atlantic Ocean","Atlantic Ocean",
"Fish","75908",,"Atlantic Ocean","Atlantic Ocean",
"Fish","75891",,"Atlantic Ocean","Atlantic Ocean",
"Fish","180145",,"Atlantic Ocean","Atlantic Ocean",
"Fish","180146",,"Atlantic Ocean","Atlantic Ocean",
"Fish","180144",,"Atlantic Ocean","Atlantic Ocean",
"Fish","180143",,"Atlantic Ocean","Atlantic Ocean",
"Fish","18799",,"Atlantic Ocean","Atlantic Ocean",
"Fish","18800",,"Atlantic Ocean","Atlantic Ocean",
"Fish","24047",,"Atlantic Ocean","Atlantic Ocean",
"Fish","24349",,"Atlantic Ocean","Atlantic Ocean",
"Fish","24048",,"Atlantic Ocean","Atlantic Ocean",
"Fish","24042",,"Atlantic Ocean","Atlantic Ocean",
"Fish","24050",,"Atlantic Ocean","Atlantic Ocean",
"Fish","24051",,"Atlantic Ocean","Atlantic Ocean",
"Fish","24041",,"Atlantic Ocean","Atlantic Ocean",
"Fish","24046",,"Atlantic Ocean","Atlantic Ocean",
"Fish","24043",,"Atlantic Ocean","Atlantic Ocean",
"Fish","24347",,"Atlantic Ocean","Atlantic Ocean",
"Fish","24038",,"Atlantic Ocean","Atlantic Ocean",
"Fish","24039",,"Atlantic Ocean","Atlantic Ocean",
"Fish","24049",,"Atlantic Ocean","Atlantic Ocean",
"Fish","57443",,"Atlantic Ocean","Atlantic Ocean",
"Fish","24324",,"Atlantic Ocean","Atlantic Ocean",
"Fish","22990",,"Atlantic Ocean","Atlantic Ocean",
"Fish","20183",,"Atlantic Ocean","Atlantic Ocean",
"Fish","19923",,"Atlantic Ocean","Atlantic Ocean",
"Fish","19917",,"Atlantic Ocean","Atlantic Ocean",
"Fish","19915",,"Atlantic Ocean","Atlantic Ocean",
"Fish","19913",,"Atlantic Ocean","Atlantic Ocean",
"Fish","20198",,"Atlantic Ocean","Atlantic Ocean",
"Fish","19932",,"Atlantic Ocean","Atlantic Ocean",
"Fish","19931",,"Atlantic Ocean","Atlantic Ocean",
"Fish","20182",,"Atlantic Ocean","Atlantic Ocean",
"Fish","20243",,"Atlantic Ocean","Atlantic Ocean",
"Fish","20180",,"Atlantic Ocean","Atlantic Ocean",
"Fish","19928",,"Atlantic Ocean","Atlantic Ocean",
"Fish","20184",,"Atlantic Ocean","Atlantic Ocean",
"Fish","18824",,"Atlantic Ocean","Atlantic Ocean",
"Fish","18826",,"Atlantic Ocean","Atlantic Ocean",
"Fish","18846",,"Atlantic Ocean","Atlantic Ocean",
"Fish","18845",,"Atlantic Ocean","Atlantic Ocean",
"Fish","18842",,"Atlantic Ocean","Atlantic Ocean",
"Fish","18844",,"Atlantic Ocean","Atlantic Ocean",
"Fish","18841",,"Atlantic Ocean","Atlantic Ocean",
"Fish","20181",,"Atlantic Ocean","Atlantic Ocean",
"Fish","18819",,"Atlantic Ocean","Atlantic Ocean",
"Fish","20197",,"Atlantic Ocean","Atlantic Ocean",
"Fish","20193",,"Atlantic Ocean","Atlantic Ocean",
"Fish","20033",,"Atlantic Ocean","Atlantic Ocean",
"Fish","19921",,"Atlantic Ocean","Atlantic Ocean",
"Fish","19920",,"Atlantic Ocean","Atlantic Ocean",
"Fish","19922",,"Atlantic Ocean","Atlantic Ocean",
"Fish","18806",,"Atlantic Ocean","Atlantic Ocean",
"Fish","18373",,"Atlantic Ocean","Atlantic Ocean",
"Fish","19919",,"Atlantic Ocean","Atlantic Ocean",
"Fish","18821",,"Atlantic Ocean","Atlantic Ocean",
"Fish","19918",,"Atlantic Ocean","Atlantic Ocean",
"Fish","18820",,"Atlantic Ocean","Atlantic Ocean",
"Fish","18816",,"Atlantic Ocean","Atlantic Ocean",
"Fish","18818",,"Atlantic Ocean","Atlantic Ocean",
"Fish","18817",,"Atlantic Ocean","Atlantic Ocean",
"Fish","19929",,"Atlantic Ocean","Atlantic Ocean",
"Fish","19933",,"Atlantic Ocean","Atlantic Ocean",
"Fish","19930",,"Atlantic Ocean","Atlantic Ocean",
"Fish","18839",,"Atlantic Ocean","Atlantic Ocean",
"Fish","18807",,"Atlantic Ocean","Atlantic Ocean",
"Fish","19916",,"Atlantic Ocean","Atlantic Ocean",
"Fish","18843",,"Atlantic Ocean","Atlantic Ocean",
"Fish","19619",,"Atlantic Ocean","Atlantic Ocean",
"Fish","19610",,"Atlantic Ocean","Atlantic Ocean",
"Fish","20035",,"Atlantic Ocean","Atlantic Ocean",
"Fish","19621",,"Atlantic Ocean","Atlantic Ocean",
"Fish","20188",,"Atlantic Ocean","Atlantic Ocean",
"Fish","20185",,"Atlantic Ocean","Atlantic Ocean",
"Fish","20189",,"Atlantic Ocean","Atlantic Ocean",
"Fish","19643",,"Atlantic Ocean","Atlantic Ocean",
"Fish","19914",,"Atlantic Ocean","Atlantic Ocean",
"Fish","19644",,"Atlantic Ocean","Atlantic Ocean",
"Fish","18809",,"Atlantic Ocean","Atlantic Ocean",
"Fish","18827",,"Atlantic Ocean","Atlantic Ocean",
"Fish","18825",,"Atlantic Ocean","Atlantic Ocean",
"Fish","18374",,"Atlantic Ocean","Atlantic Ocean",
"Fish","18830",,"Atlantic Ocean","Atlantic Ocean",
"Fish","18829",,"Atlantic Ocean","Atlantic Ocean",
"Fish","18828",,"Atlantic Ocean","Atlantic Ocean",
"Fish","18831",,"Atlantic Ocean","Atlantic Ocean",
"Fish","20192",,"Atlantic Ocean","Atlantic Ocean",
"Fish","18833",,"Atlantic Ocean","Atlantic Ocean",
"Fish","18808",,"Atlantic Ocean","Atlantic Ocean",
"Fish","18575",,"Atlantic Ocean","Atlantic Ocean",
"Fish","18815",,"Atlantic Ocean","Atlantic Ocean",
"Fish","18814",,"Atlantic Ocean","Atlantic Ocean",
"Fish","18813",,"Atlantic Ocean","Atlantic Ocean",
"Fish","18812",,"Atlantic Ocean","Atlantic Ocean",
"Fish","18811",,"Atlantic Ocean","Atlantic Ocean",
"Fish","18810",,"Atlantic Ocean","Atlantic Ocean",
"Fish","19620",,"Atlantic Ocean","Atlantic Ocean",
"Fish","18672",,"Atlantic Ocean","Atlantic Ocean",
"Fish","18840",,"Atlantic Ocean","Atlantic Ocean",
"Fish","18834",,"Atlantic Ocean","Atlantic Ocean",
"Fish","83143",,"Atlantic Ocean","Atlantic Ocean",
"Fish","18782",,"Atlantic Ocean","Atlantic Ocean",
"Fish","18822",,"Atlantic Ocean","Atlantic Ocean",
"Fish","18823",,"Atlantic Ocean","Atlantic Ocean",
"Fish","20199",,"Atlantic Ocean","Atlantic Ocean",
"Fish","19642",,"Atlantic Ocean","Atlantic Ocean",
"Fish","19641",,"Atlantic Ocean","Atlantic Ocean",
"Fish","18774",,"Atlantic Ocean","Atlantic Ocean",
"Fish","20034",,"Atlantic Ocean","Atlantic Ocean",
"Fish","19934",,"Atlantic Ocean","Atlantic Ocean",
"Fish","20190",,"Atlantic Ocean","Atlantic Ocean",
"Fish","20037",,"Atlantic Ocean","Atlantic Ocean",
"Fish","14782",,"Atlantic Ocean","Atlantic Ocean",
"Fish","14765",,"Atlantic Ocean","Atlantic Ocean",
"Fish","14764",,"Atlantic Ocean","Atlantic Ocean",
"Fish","14772",,"Atlantic Ocean","Atlantic Ocean",
"Fish","14779",,"Atlantic Ocean","Atlantic Ocean",
"Fish","14773",,"Atlantic Ocean","Atlantic Ocean",
"Fish","14780",,"Atlantic Ocean","Atlantic Ocean",
"Fish","14817",,"Atlantic Ocean","Atlantic Ocean",
"Fish","14776",,"Atlantic Ocean","Atlantic Ocean",
"Fish","14766",,"Atlantic Ocean","Atlantic Ocean",
"Fish","14781",,"Atlantic Ocean","Atlantic Ocean",
"Fish","14778",,"Atlantic Ocean","Atlantic Ocean",
"Fish","14777",,"Atlantic Ocean","Atlantic Ocean",
"Fish","14808",,"Atlantic Ocean","Atlantic Ocean",
"Fish","14811",,"Atlantic Ocean","Atlantic Ocean",
"Fish","14816",,"Atlantic Ocean","Atlantic Ocean",
"Fish","14774",,"Atlantic Ocean","Atlantic Ocean",
"Fish","16332",,"Atlantic Ocean","Atlantic Ocean",
"Fish","14804",,"Atlantic Ocean","Atlantic Ocean",
"Fish","14802",,"Atlantic Ocean","Atlantic Ocean",
"Fish","14805",,"Atlantic Ocean","Atlantic Ocean",
"Fish","14807",,"Atlantic Ocean","Atlantic Ocean",
"Fish","14806",,"Atlantic Ocean","Atlantic Ocean",
"Fish","14803",,"Atlantic Ocean","Atlantic Ocean",
"Fish","14763",,"Atlantic Ocean","Atlantic Ocean",
"Fish","16334",,"Atlantic Ocean","Atlantic Ocean",
"Fish","14762",,"Atlantic Ocean","Atlantic Ocean",
"Fish","16329",,"Atlantic Ocean","Atlantic Ocean",
"Fish","16331",,"Atlantic Ocean","Atlantic Ocean",
"Fish","16328",,"Atlantic Ocean","Atlantic Ocean",
"Fish","16333",,"Atlantic Ocean","Atlantic Ocean",
"Fish","16327",,"Atlantic Ocean","Atlantic Ocean",
"Fish","14761",,"Atlantic Ocean","Atlantic Ocean",
"Fish","14783",,"Atlantic Ocean","Atlantic Ocean",
"Fish","16330",,"Atlantic Ocean","Atlantic Ocean",
"Fish","16320",,"Atlantic Ocean","Atlantic Ocean",
"Fish","14791",,"Atlantic Ocean","Atlantic Ocean",
"Fish","16324",,"Atlantic Ocean","Atlantic Ocean",
"Fish","16321",,"Atlantic Ocean","Atlantic Ocean",
"Fish","16322",,"Atlantic Ocean","Atlantic Ocean",
"Fish","16319",,"Atlantic Ocean","Atlantic Ocean",
"Fish","14790",,"Atlantic Ocean","Atlantic Ocean",
"Fish","16317",,"Atlantic Ocean","Atlantic Ocean",
"Fish","16326",,"Atlantic Ocean","Atlantic Ocean",
"Fish","16323",,"Atlantic Ocean","Atlantic Ocean",
"Fish","16325",,"Atlantic Ocean","Atlantic Ocean",
"Fish","14813",,"Atlantic Ocean","Atlantic Ocean",
"Fish","16337",,"Atlantic Ocean","Atlantic Ocean",
"Fish","14775",,"Atlantic Ocean","Atlantic Ocean",
"Fish","16336",,"Atlantic Ocean","Atlantic Ocean",
"Fish","16318",,"Atlantic Ocean","Atlantic Ocean",
"Fish","14809",,"Atlantic Ocean","Atlantic Ocean",
"Fish","16335",,"Atlantic Ocean","Atlantic Ocean",
"Fish","14789",,"Atlantic Ocean","Atlantic Ocean",
"Fish","14812",,"Atlantic Ocean","Atlantic Ocean",
"Fish","14810",,"Atlantic Ocean","Atlantic Ocean",
"Fish","14818",,"Atlantic Ocean","Atlantic Ocean",
"Fish","14820",,"Atlantic Ocean","Atlantic Ocean",
"Fish","14814",,"Atlantic Ocean","Atlantic Ocean",
"Fish","14819",,"Atlantic Ocean","Atlantic Ocean",
"Fish","14784",,"Atlantic Ocean","Atlantic Ocean",
"Fish","14786",,"Atlantic Ocean","Atlantic Ocean",
"Fish","14785",,"Atlantic Ocean","Atlantic Ocean",
"Fish","14787",,"Atlantic Ocean","Atlantic Ocean",
"Fish","14815",,"Atlantic Ocean","Atlantic Ocean",
"Fish","14788",,"Atlantic Ocean","Atlantic Ocean",
"Fish","16632",,"Atlantic Ocean","Atlantic Ocean",
"Fish","180142",,"Atlantic Ocean","Atlantic Ocean",
"Fish","24045",,"Atlantic Ocean","Atlantic Ocean",
"Fish","24351",,"Atlantic Ocean","Atlantic Ocean",
"Fish","24356",,"Atlantic Ocean","Atlantic Ocean",
"Fish","24355",,"Atlantic Ocean","Atlantic Ocean",
"Fish","24354",,"Atlantic Ocean","Atlantic Ocean",
"Fish","24352",,"Atlantic Ocean","Atlantic Ocean",
"Fish","24350",,"Atlantic Ocean","Atlantic Ocean",
"Fish","24040",,"Atlantic Ocean","Atlantic Ocean",
"Fish","24357",,"Atlantic Ocean","Atlantic Ocean",
"Fish","24044",,"Atlantic Ocean","Atlantic Ocean",
"Fish","24327",,"Atlantic Ocean","Atlantic Ocean",
"Fish","24329",,"Atlantic Ocean","Atlantic Ocean",
"Fish","24328",,"Atlantic Ocean","Atlantic Ocean",
"Fish","24326",,"Atlantic Ocean","Atlantic Ocean",
"Fish","24325",,"Atlantic Ocean","Atlantic Ocean",
"Fish","24353",,"Atlantic Ocean","Atlantic Ocean",
"Fish","16532",,"Atlantic Ocean","Atlantic Ocean",
"Fish","16533",,"Atlantic Ocean","Atlantic Ocean",
"Fish","14744",,"Atlantic Ocean","Atlantic Ocean",
"Fish","14745",,"Atlantic Ocean","Atlantic Ocean",
"Fish","14746",,"Atlantic Ocean","Atlantic Ocean",
"Fish","17084",,"Atlantic Ocean","Atlantic Ocean",
"Fish","17068",,"Atlantic Ocean","Atlantic Ocean",
"Fish","14796",,"Atlantic Ocean","Atlantic Ocean",
"Fish","180152",,"Atlantic Ocean","Atlantic Ocean",
"Fish","180149",,"Atlantic Ocean","Atlantic Ocean",
"Fish","180151",,"Atlantic Ocean","Atlantic Ocean",
"Fish","17070",,"Atlantic Ocean","Atlantic Ocean",
"Fish","17073",,"Atlantic Ocean","Atlantic Ocean",
"Fish","17072",,"Atlantic Ocean","Atlantic Ocean",
"Fish","17071",,"Atlantic Ocean","Atlantic Ocean",
"Fish","17060",,"Atlantic Ocean","Atlantic Ocean",
"Fish","17059",,"Atlantic Ocean","Atlantic Ocean",
"Fish","17080",,"Atlantic Ocean","Atlantic Ocean",
"Fish","14799",,"Atlantic Ocean","Atlantic Ocean",
"Fish","17082",,"Atlantic Ocean","Atlantic Ocean",
"Fish","14797",,"Atlantic Ocean","Atlantic Ocean",
"Fish","17083",,"Atlantic Ocean","Atlantic Ocean",
"Fish","17079",,"Atlantic Ocean","Atlantic Ocean",
"Fish","17086",,"Atlantic Ocean","Atlantic Ocean",
"Fish","17081",,"Atlantic Ocean","Atlantic Ocean",
"Fish","17056",,"Atlantic Ocean","Atlantic Ocean",
"Fish","17057",,"Atlantic Ocean","Atlantic Ocean",
"Fish","17058",,"Atlantic Ocean","Atlantic Ocean",
"Fish","17064",,"Atlantic Ocean","Atlantic Ocean",
"Fish","17067",,"Atlantic Ocean","Atlantic Ocean",
"Fish","17066",,"Atlantic Ocean","Atlantic Ocean",
"Fish","17063",,"Atlantic Ocean","Atlantic Ocean",
"Fish","17069",,"Atlantic Ocean","Atlantic Ocean",
"Fish","17085",,"Atlantic Ocean","Atlantic Ocean",
"Fish","14751",,"Atlantic Ocean","Atlantic Ocean",
"Fish","14725",,"Atlantic Ocean","Atlantic Ocean",
"Fish","14726",,"Atlantic Ocean","Atlantic Ocean",
"Fish","14722",,"Atlantic Ocean","Atlantic Ocean",
"Fish","14731",,"Atlantic Ocean","Atlantic Ocean",
"Fish","14729",,"Atlantic Ocean","Atlantic Ocean",
"Fish","14719",,"Atlantic Ocean","Atlantic Ocean",
"Fish","14728",,"Atlantic Ocean","Atlantic Ocean",
"Fish","14723",,"Atlantic Ocean","Atlantic Ocean",
"Fish","14755",,"Atlantic Ocean","Atlantic Ocean",
"Fish","14749",,"Atlantic Ocean","Atlantic Ocean",
"Fish","14727",,"Atlantic Ocean","Atlantic Ocean",
"Fish","14720",,"Atlantic Ocean","Atlantic Ocean",
"Fish","14801",,"Atlantic Ocean","Atlantic Ocean",
"Fish","14752",,"Atlantic Ocean","Atlantic Ocean",
"Fish","180155",,"Atlantic Ocean","Atlantic Ocean",
"Fish","14756",,"Atlantic Ocean","Atlantic Ocean",
"Fish","14759",,"Atlantic Ocean","Atlantic Ocean",
"Fish","36477",,"Atlantic Ocean","Atlantic Ocean",
"Fish","14754",,"Atlantic Ocean","Atlantic Ocean",
"Fish","14758",,"Atlantic Ocean","Atlantic Ocean",
"Fish","14760",,"Atlantic Ocean","Atlantic Ocean",
"Fish","14753",,"Atlantic Ocean","Atlantic Ocean",
"Fish","14757",,"Atlantic Ocean","Atlantic Ocean",
"Fish","14750",,"Atlantic Ocean","Atlantic Ocean",
"Fish","14795",,"Atlantic Ocean","Atlantic Ocean",
"Fish","14800",,"Atlantic Ocean","Atlantic Ocean",
"Fish","14798",,"Atlantic Ocean","Atlantic Ocean",
"Fish","14724",,"Atlantic Ocean","Atlantic Ocean",
"Fish","180135",,"Atlantic Ocean","Atlantic Ocean",
"Fish","17097",,"Atlantic Ocean","Atlantic Ocean",
"Fish","17052",,"Atlantic Ocean","Atlantic Ocean",
"Fish","17054",,"Atlantic Ocean","Atlantic Ocean",
"Fish","17053",,"Atlantic Ocean","Atlantic Ocean",
"Fish","17050",,"Atlantic Ocean","Atlantic Ocean",
"Fish","17051",,"Atlantic Ocean","Atlantic Ocean",
"Fish","17065",,"Atlantic Ocean","Atlantic Ocean",
"Fish","20194",,"Atlantic Ocean","Atlantic Ocean",
"Fish","17095",,"Atlantic Ocean","Atlantic Ocean",
"Fish","16848",,"Atlantic Ocean","Atlantic Ocean",
"Fish","17049",,"Atlantic Ocean","Atlantic Ocean",
"Fish","16849",,"Atlantic Ocean","Atlantic Ocean",
"Fish","180150",,"Atlantic Ocean","Atlantic Ocean",
"Fish","180156",,"Atlantic Ocean","Atlantic Ocean",
"Fish","180147",,"Atlantic Ocean","Atlantic Ocean",
"Fish","180153",,"Atlantic Ocean","Atlantic Ocean",
"Fish","180154",,"Atlantic Ocean","Atlantic Ocean",
"Fish","180148",,"Atlantic Ocean","Atlantic Ocean",
"Fish","20196",,"Atlantic Ocean","Atlantic Ocean",
"Fish","17055",,"Atlantic Ocean","Atlantic Ocean",
"Fish","16847",,"Atlantic Ocean","Atlantic Ocean",
"Fish","17091",,"Atlantic Ocean","Atlantic Ocean",
"Fish","17078",,"Atlantic Ocean","Atlantic Ocean",
"Fish","17077",,"Atlantic Ocean","Atlantic Ocean",
"Fish","17076",,"Atlantic Ocean","Atlantic Ocean",
"Fish","17074",,"Atlantic Ocean","Atlantic Ocean",
"Fish","17075",,"Atlantic Ocean","Atlantic Ocean",
"Fish","17062",,"Atlantic Ocean","Atlantic Ocean",
"Fish","17061",,"Atlantic Ocean","Atlantic Ocean",
"Fish","17096",,"Atlantic Ocean","Atlantic Ocean",
"Fish","17087",,"Atlantic Ocean","Atlantic Ocean",
"Fish","17092",,"Atlantic Ocean","Atlantic Ocean",
"Fish","17088",,"Atlantic Ocean","Atlantic Ocean",
"Fish","17094",,"Atlantic Ocean","Atlantic Ocean",
"Fish","17090",,"Atlantic Ocean","Atlantic Ocean",
"Fish","17089",,"Atlantic Ocean","Atlantic Ocean",
"Fish","14730",,"Atlantic Ocean","Atlantic Ocean",
"Fish","14721",,"Atlantic Ocean","Atlantic Ocean",
"Fish","17093",,"Atlantic Ocean","Atlantic Ocean",
"Fish","141624",,"Atlantic Ocean","Atlantic Ocean",
"Fish","180287",,"Atlantic Ocean","Atlantic Ocean","Africa"
"Fish","187713",,"Atlantic Ocean","Atlantic Ocean","Africa"
"Fish","183080",,"South Atlantic Ocean","Atlantic Ocean","South America"
"Fish","17805",,"North Atlantic Ocean","Atlantic Ocean","North America"
"Fish","17807",,"North Atlantic Ocean","Atlantic Ocean","North America"
"Fish","17810",,"North Atlantic Ocean","Atlantic Ocean","North America"
"Fish","17811",,"North Atlantic Ocean","Atlantic Ocean","North America"
"Fish","17806",,"North Atlantic Ocean","Atlantic Ocean","North America"
"Fish","17799",,"North Atlantic Ocean","Atlantic Ocean","North America"
"Fish","17802",,"North Atlantic Ocean","Atlantic Ocean","North America"
"Fish","17801",,"North Atlantic Ocean","Atlantic Ocean","North America"
"Fish","17808",,"North Atlantic Ocean","Atlantic Ocean","North America"
"Fish","17809",,"North Atlantic Ocean","Atlantic Ocean","North America"
"Fish","17797",,"North Atlantic Ocean","Atlantic Ocean","North America"
"Fish","17798",,"North Atlantic Ocean","Atlantic Ocean","North America"
"Fish","17800",,"North Atlantic Ocean","Atlantic Ocean","North America"
"Fish","17803",,"North Atlantic Ocean","Atlantic Ocean","North America"
"Fish","17793",,"North Atlantic Ocean","Atlantic Ocean","North America"
"Fish","17795",,"North Atlantic Ocean","Atlantic Ocean","North America"
"Fish","17796",,"North Atlantic Ocean","Atlantic Ocean","North America"
"Fish","17794",,"North Atlantic Ocean","Atlantic Ocean","North America"
"Fish","17804",,"North Atlantic Ocean","Atlantic Ocean","North America"
"Fish","189569",,"Caribbean Sea","Atlantic Ocean","South America"
"Fish","189573",,"Caribbean Sea","Atlantic Ocean","South America"
"Fish","189571",,"Caribbean Sea","Atlantic Ocean","South America"
"Fish","189572",,"Caribbean Sea","Atlantic Ocean","South America"
"Fish","189570",,"Caribbean Sea","Atlantic Ocean","South America"
"Fish","189568",,"Caribbean Sea","Atlantic Ocean","South America"
"Fish","189575",,"Caribbean Sea","Atlantic Ocean","South America"
"Fish","189576",,"Caribbean Sea","Atlantic Ocean","South America"
"Fish","189574",,"Caribbean Sea","Atlantic Ocean","South America"
"Fish","180139",,"Atlantic Ocean","Atlantic Ocean","South America"
"Fish","8916",,"North Atlantic Ocean","Atlantic Ocean","North America"
"Fish","202722",,"South Pacific Ocean","Australia","Oceania"
"Fish","202723",,"South Pacific Ocean","Australia","Oceania"
"Fish","79180",,"Caribbean Sea","Caribbean Sea","North America"
"Fish","79183",,"Caribbean Sea","Caribbean Sea","North America"
"Fish","79181",,"Caribbean Sea","Caribbean Sea","North America"
"Fish","79184",,"Caribbean Sea","Caribbean Sea","North America"
"Fish","79335",,"Caribbean Sea","Caribbean Sea","North America"
"Fish","79332",,"Caribbean Sea","Caribbean Sea","North America"
"Fish","79350",,"Caribbean Sea","Caribbean Sea","North America"
"Fish","79364",,"Caribbean Sea","Caribbean Sea","North America"
"Fish","79334",,"Caribbean Sea","Caribbean Sea","North America"
"Fish","79286",,"Caribbean Sea","Caribbean Sea","North America"
"Fish","79314",,"Caribbean Sea","Caribbean Sea","North America"
"Fish","79316",,"Caribbean Sea","Caribbean Sea","North America"
"Fish","79349",,"Caribbean Sea","Caribbean Sea","North America"
"Fish","79347",,"Caribbean Sea","Caribbean Sea","North America"
"Fish","79339",,"Caribbean Sea","Caribbean Sea","North America"
"Fish","79367",,"Caribbean Sea","Caribbean Sea","North America"
"Fish","79361",,"Caribbean Sea","Caribbean Sea","North America"
"Fish","79293",,"Caribbean Sea","Caribbean Sea","North America"
"Fish","79295",,"Caribbean Sea","Caribbean Sea","North America"
"Fish","79308",,"Caribbean Sea","Caribbean Sea","North America"
"Fish","79306",,"Caribbean Sea","Caribbean Sea","North America"
"Fish","79313",,"Caribbean Sea","Caribbean Sea","North America"
"Fish","79309",,"Caribbean Sea","Caribbean Sea","North America"
"Fish","79307",,"Caribbean Sea","Caribbean Sea","North America"
"Fish","79329",,"Caribbean Sea","Caribbean Sea","North America"
"Fish","79302",,"Caribbean Sea","Caribbean Sea","North America"
"Fish","79351",,"Caribbean Sea","Caribbean Sea","North America"
"Fish","79299",,"Caribbean Sea","Caribbean Sea","North America"
"Fish","79291",,"Caribbean Sea","Caribbean Sea","North America"
"Fish","79296",,"Caribbean Sea","Caribbean Sea","North America"
"Fish","94242",,"Caribbean Sea","Caribbean Sea","North America"
"Fish","79311",,"Caribbean Sea","Caribbean Sea","North America"
"Fish","94243",,"Caribbean Sea","Caribbean Sea","North America"
"Fish","79285",,"Caribbean Sea","Caribbean Sea","North America"
"Fish","79294",,"Caribbean Sea","Caribbean Sea","North America"
"Fish","79289",,"Caribbean Sea","Caribbean Sea","North America"
"Fish","79292",,"Caribbean Sea","Caribbean Sea","North America"
"Fish","79290",,"Caribbean Sea","Caribbean Sea","North America"
"Fish","79288",,"Caribbean Sea","Caribbean Sea","North America"
"Fish","79287",,"Caribbean Sea","Caribbean Sea","North America"
"Fish","79300",,"Caribbean Sea","Caribbean Sea","North America"
"Fish","79278",,"Caribbean Sea","Caribbean Sea","North America"
"Fish","79327",,"Caribbean Sea","Caribbean Sea","North America"
"Fish","79325",,"Caribbean Sea","Caribbean Sea","North America"
"Fish","79330",,"Caribbean Sea","Caribbean Sea","North America"
"Fish","79328",,"Caribbean Sea","Caribbean Sea","North America"
"Fish","79320",,"Caribbean Sea","Caribbean Sea","North America"
"Fish","79319",,"Caribbean Sea","Caribbean Sea","North America"
"Fish","79321",,"Caribbean Sea","Caribbean Sea","North America"
"Fish","79344",,"Caribbean Sea","Caribbean Sea","North America"
"Fish","79315",,"Caribbean Sea","Caribbean Sea","North America"
"Fish","79279",,"Caribbean Sea","Caribbean Sea","North America"
"Fish","79353",,"Caribbean Sea","Caribbean Sea","North America"
"Fish","79277",,"Caribbean Sea","Caribbean Sea","North America"
"Fish","79326",,"Caribbean Sea","Caribbean Sea","North America"
"Fish","79280",,"Caribbean Sea","Caribbean Sea","North America"
"Fish","79275",,"Caribbean Sea","Caribbean Sea","North America"
"Fish","79282",,"Caribbean Sea","Caribbean Sea","North America"
"Fish","79281",,"Caribbean Sea","Caribbean Sea","North America"
"Fish","79283",,"Caribbean Sea","Caribbean Sea","North America"
"Fish","79304",,"Caribbean Sea","Caribbean Sea","North America"
"Fish","79301",,"Caribbean Sea","Caribbean Sea","North America"
"Fish","79312",,"Caribbean Sea","Caribbean Sea","North America"
"Fish","79331",,"Caribbean Sea","Caribbean Sea","North America"
"Fish","79338",,"Caribbean Sea","Caribbean Sea","North America"
"Fish","79368",,"Caribbean Sea","Caribbean Sea","North America"
"Fish","79276",,"Caribbean Sea","Caribbean Sea","North America"
"Fish","79337",,"Caribbean Sea","Caribbean Sea","North America"
"Fish","79365",,"Caribbean Sea","Caribbean Sea","North America"
"Fish","79366",,"Caribbean Sea","Caribbean Sea","North America"
"Fish","79352",,"Caribbean Sea","Caribbean Sea","North America"
"Fish","79355",,"Caribbean Sea","Caribbean Sea","North America"
"Fish","79358",,"Caribbean Sea","Caribbean Sea","North America"
"Fish","79354",,"Caribbean Sea","Caribbean Sea","North America"
"Fish","79356",,"Caribbean Sea","Caribbean Sea","North America"
"Fish","79348",,"Caribbean Sea","Caribbean Sea","North America"
"Fish","79357",,"Caribbean Sea","Caribbean Sea","North America"
"Fish","79341",,"Caribbean Sea","Caribbean Sea","North America"
"Fish","79333",,"Caribbean Sea","Caribbean Sea","North America"
"Fish","79317",,"Caribbean Sea","Caribbean Sea","North America"
"Fish","79362",,"Caribbean Sea","Caribbean Sea","North America"
"Fish","79324",,"Caribbean Sea","Caribbean Sea","North America"
"Fish","79346",,"Caribbean Sea","Caribbean Sea","North America"
"Fish","79340",,"Caribbean Sea","Caribbean Sea","North America"
"Fish","79345",,"Caribbean Sea","Caribbean Sea","North America"
"Fish","79342",,"Caribbean Sea","Caribbean Sea","North America"
"Fish","79363",,"Caribbean Sea","Caribbean Sea","North America"
"Fish","79323",,"Caribbean Sea","Caribbean Sea","North America"
"Fish","79310",,"Caribbean Sea","Caribbean Sea","North America"
"Fish","79318",,"Caribbean Sea","Caribbean Sea","North America"
"Fish","79359",,"Caribbean Sea","Caribbean Sea","North America"
"Fish","79322",,"Caribbean Sea","Caribbean Sea","North America"
"Fish","79336",,"Caribbean Sea","Caribbean Sea","North America"
"Fish","79360",,"Caribbean Sea","Caribbean Sea","North America"
"Fish","79260",,"Caribbean Sea","Caribbean Sea","North America"
"Fish","79182",,"Caribbean Sea","Caribbean Sea","North America"
"Fish","79189",,"Caribbean Sea","Caribbean Sea","North America"
"Fish","79187",,"Caribbean Sea","Caribbean Sea","North America"
"Fish","79186",,"Caribbean Sea","Caribbean Sea","North America"
"Fish","79191",,"Caribbean Sea","Caribbean Sea","North America"
"Fish","79188",,"Caribbean Sea","Caribbean Sea","North America"
"Fish","79268",,"Caribbean Sea","Caribbean Sea","North America"
"Fish","79269",,"Caribbean Sea","Caribbean Sea","North America"
"Fish","79267",,"Caribbean Sea","Caribbean Sea","North America"
"Fish","79270",,"Caribbean Sea","Caribbean Sea","North America"
"Fish","79343",,"Caribbean Sea","Caribbean Sea","North America"
"Fish","79259",,"Caribbean Sea","Caribbean Sea","North America"
"Fish","79185",,"Caribbean Sea","Caribbean Sea","North America"
"Fish","79255",,"Caribbean Sea","Caribbean Sea","North America"
"Fish","79258",,"Caribbean Sea","Caribbean Sea","North America"
"Fish","79257",,"Caribbean Sea","Caribbean Sea","North America"
"Fish","79256",,"Caribbean Sea","Caribbean Sea","North America"
"Fish","79254",,"Caribbean Sea","Caribbean Sea","North America"
"Fish","79262",,"Caribbean Sea","Caribbean Sea","North America"
"Fish","79266",,"Caribbean Sea","Caribbean Sea","North America"
"Fish","79263",,"Caribbean Sea","Caribbean Sea","North America"
"Fish","79265",,"Caribbean Sea","Caribbean Sea","North America"
"Fish","79264",,"Caribbean Sea","Caribbean Sea","North America"
"Fish","79261",,"Caribbean Sea","Caribbean Sea","North America"
"Fish","79246",,"Caribbean Sea","Caribbean Sea","North America"
"Fish","79303",,"Caribbean Sea","Caribbean Sea","North America"
"Fish","79298",,"Caribbean Sea","Caribbean Sea","North America"
"Fish","79297",,"Caribbean Sea","Caribbean Sea","North America"
"Fish","79284",,"Caribbean Sea","Caribbean Sea","North America"
"Fish","79245",,"Caribbean Sea","Caribbean Sea","North America"
"Fish","79190",,"Caribbean Sea","Caribbean Sea","North America"
"Fish","79247",,"Caribbean Sea","Caribbean Sea","North America"
"Fish","79305",,"Caribbean Sea","Caribbean Sea","North America"
"Fish","79248",,"Caribbean Sea","Caribbean Sea","North America"
"Fish","79251",,"Caribbean Sea","Caribbean Sea","North America"
"Fish","79253",,"Caribbean Sea","Caribbean Sea","North America"
"Fish","79252",,"Caribbean Sea","Caribbean Sea","North America"
"Fish","79199",,"Caribbean Sea","Caribbean Sea","North America"
"Fish","79249",,"Caribbean Sea","Caribbean Sea","North America"
"Fish","79200",,"Caribbean Sea","Caribbean Sea","North America"
"Fish","79250",,"Caribbean Sea","Caribbean Sea","North America"
"Fish","178111",,"Caribbean Sea","Caribbean Sea","North America"
"Fish","79202",,"Caribbean Sea","Caribbean Sea","North America"
"Fish","79201",,"Caribbean Sea","Caribbean Sea","North America"
"Fish","79203",,"Caribbean Sea","Caribbean Sea","North America"
"Fish","79274",,"Caribbean Sea","Caribbean Sea","North America"
"Fish","79272",,"Caribbean Sea","Caribbean Sea","North America"
"Fish","79273",,"Caribbean Sea","Caribbean Sea","North America"
"Fish","79271",,"Caribbean Sea","Caribbean Sea","North America"
"Fish","22684",,"Caribbean Sea","Caribbean Sea","North America"
"Fish","22685",,"Caribbean Sea","Caribbean Sea","North America"
"Fish","22680",,"Caribbean Sea","Caribbean Sea","North America"
"Fish","180337",,"Caribbean Sea","Caribbean Sea","North America"
"Fish","180338",,"Caribbean Sea","Caribbean Sea","North America"
"Fish","22682",,"Caribbean Sea","Caribbean Sea","North America"
"Fish","22683",,"Caribbean Sea","Caribbean Sea","North America"
"Fish","18853",,"Caribbean Sea","Caribbean Sea","North America"
"Fish","18852",,"Caribbean Sea","Caribbean Sea","North America"
"Fish","181668",,"Caribbean Sea","Caribbean Sea","North America"
"Fish","18832",,"Caribbean Sea","Caribbean Sea","North America"
"Fish","180353",,"Caribbean Sea","Caribbean Sea","North America"
"Fish","22681",,"Caribbean Sea","Caribbean Sea","North America"
"Fish","18835",,"Caribbean Sea","Caribbean Sea","North America"
"Fish","180138",,"Caribbean Sea","Caribbean Sea","North America"
"Fish","18836",,"Caribbean Sea","Caribbean Sea","North America"
"Fish","18837",,"Caribbean Sea","Caribbean Sea","North America"
"Fish","18848",,"Caribbean Sea","Caribbean Sea","North America"
"Fish","18847",,"Caribbean Sea","Caribbean Sea","North America"
"Fish","18851",,"Caribbean Sea","Caribbean Sea","North America"
"Fish","18849",,"Caribbean Sea","Caribbean Sea","North America"
"Fish","18850",,"Caribbean Sea","Caribbean Sea","North America"
"Fish","83164",,"Caribbean Sea","Caribbean Sea","North America"
"Fish","94022",,"Caribbean Sea","Caribbean Sea","South America"
"Fish","83168",,"Indian Ocean","Indian Ocean",
"Fish","87116",,"Indian Ocean","Indian Ocean",
"Fish","87117",,"Indian Ocean","Indian Ocean",
"Fish","141623",,"Indian Ocean","Indian Ocean","Asia"
"Fish","10371",,"North Atlantic Ocean","North America","North America"
"Fish","171606",,"North Atlantic Ocean","North America","North America"
"Fish","171705",,"North Atlantic Ocean","North America","North America"
"Fish","171709",,"North Atlantic Ocean","North America","North America"
"Fish","171708",,"North Atlantic Ocean","North America","North America"
"Fish","171706",,"North Atlantic Ocean","North America","North America"
"Fish","171710",,"North Atlantic Ocean","North America","North America"
"Fish","171711",,"North Atlantic Ocean","North America","North America"
"Fish","171707",,"North Atlantic Ocean","North America","North America"
"Fish","48781",,"North Atlantic Ocean","North America","North America"
"Fish","36057",,"North Atlantic Ocean","North America","North America"
"Fish","18574",,"Caribbean Sea","North America","North America"
"Fish","18781",,"Caribbean Sea","North America","North America"
"Fish","6877",,"Caribbean Sea","NORTH AMERICA","North America"
"Fish","16971",,"Caribbean Sea","NORTH AMERICA","North America"
"Fish","12788",,"Caribbean Sea","NORTH AMERICA","North America"
"Fish","12769",,"Caribbean Sea","NORTH AMERICA","North America"
"Fish","12787",,"Caribbean Sea","NORTH AMERICA","North America"
"Fish","12771",,"Caribbean Sea","NORTH AMERICA","North America"
"Fish","12774",,"Caribbean Sea","NORTH AMERICA","North America"
"Fish","12772",,"Caribbean Sea","NORTH AMERICA","North America"
"Fish","12773",,"Caribbean Sea","NORTH AMERICA","North America"
"Fish","12770",,"Caribbean Sea","NORTH AMERICA","North America"
"Fish","24321",,"Caribbean Sea","North America","North America"
"Fish","24323",,"Caribbean Sea","North America","North America"
"Fish","24320",,"Caribbean Sea","North America","North America"
"Fish","24322",,"Caribbean Sea","North America","North America"
"Fish","182710",,"Mar de Cortés","North America","North America"
"Fish","182709",,"Mar de Cortés","North America","North America"
"Fish","72945",,"Pacific Ocean","Pacific Ocean",
"Fish","72944",,"Pacific Ocean","Pacific Ocean",
"Fish","72943",,"Pacific Ocean","Pacific Ocean",
"Fish","72942",,"Pacific Ocean","Pacific Ocean",
"Fish","72941",,"Pacific Ocean","Pacific Ocean",
"Fish","81104",,"Pacific Ocean","Pacific Ocean",
"Fish","181042",,"Pacific Ocean","South America","South America"
"Fish","19624",,"North Atlantic Ocean","Atlantic Ocean","North America"
"Fish","19625",,"North Atlantic Ocean","Atlantic Ocean","North America"
"Fish","196794",,"North Atlantic Ocean","Atlantic Ocean","North America"
"Fish","196798",,"North Atlantic Ocean","Atlantic Ocean","North America"
"Fish","196803",,"North Atlantic Ocean","Atlantic Ocean","North America"
"Fish","196802",,"North Atlantic Ocean","Atlantic Ocean","North America"
"Fish","196801",,"North Atlantic Ocean","Atlantic Ocean","North America"
"Fish","196800",,"North Atlantic Ocean","Atlantic Ocean","North America"
"Fish","196797",,"North Atlantic Ocean","Atlantic Ocean","North America"
"Fish","196799",,"North Atlantic Ocean","Atlantic Ocean","North America"
"Fish","196824",,"North Atlantic Ocean","Atlantic Ocean","North America"
"Fish","196825",,"North Atlantic Ocean","Atlantic Ocean","North America"
"Fish","196796",,"North Atlantic Ocean","Atlantic Ocean","North America"
"Fish","196795",,"North Atlantic Ocean","Atlantic Ocean","North America"
"Fish","11148",,"North Pacific Ocean","Pacific Ocean","Oceania"
"Fish","11147",,"North Pacific Ocean","Pacific Ocean","Oceania"
"Fish","11146",,"North Pacific Ocean","Pacific Ocean","Oceania"
"Fish","10777",,"North Pacific Ocean","Pacific Ocean","Oceania"
"Fish","94329",,"North Pacific Ocean","Pacific Ocean","Oceania"
"Fish","94332",,"North Pacific Ocean","Pacific Ocean","Oceania"
"Fish","94330",,"North Pacific Ocean","Pacific Ocean","Oceania"
"Fish","94331",,"North Pacific Ocean","Pacific Ocean","Oceania"
"Fish","198181",,"North Pacific Ocean","Pacific Ocean","Oceania"
"Fish","11140",,"North Pacific Ocean","Pacific Ocean","Oceania"
"Fish","11133",,"North Pacific Ocean","Pacific Ocean","Oceania"
"Fish","11132",,"North Pacific Ocean","Pacific Ocean","Oceania"
"Fish","11134",,"North Pacific Ocean","Pacific Ocean","Oceania"
"Fish","11137",,"North Pacific Ocean","Pacific Ocean","Oceania"
"Fish","11142",,"North Pacific Ocean","Pacific Ocean","Oceania"
"Fish","11143",,"North Pacific Ocean","Pacific Ocean","Oceania"
"Fish","11144",,"North Pacific Ocean","Pacific Ocean","Oceania"
"Fish","11141",,"North Pacific Ocean","Pacific Ocean","Oceania"
"Fish","11131",,"North Pacific Ocean","Pacific Ocean","Oceania"
"Fish","11145",,"North Pacific Ocean","Pacific Ocean","Oceania"
"Fish","11138",,"North Pacific Ocean","Pacific Ocean","Oceania"
"Fish","10779",,"North Pacific Ocean","Pacific Ocean","Oceania"
"Fish","10775",,"North Pacific Ocean","Pacific Ocean","Oceania"
"Fish","11130",,"North Pacific Ocean","Pacific Ocean","Oceania"
"Fish","11129",,"North Pacific Ocean","Pacific Ocean","Oceania"
"Fish","11136",,"North Pacific Ocean","Pacific Ocean","Oceania"
"Fish","11135",,"North Pacific Ocean","Pacific Ocean","Oceania"
"Fish","11128",,"North Pacific Ocean","Pacific Ocean","Oceania"
"Fish","11139",,"North Pacific Ocean","Pacific Ocean","Oceania"
"Fish","10776",,"North Pacific Ocean","Pacific Ocean","Oceania"
"Fish","11114",,"North Pacific Ocean","Pacific Ocean","Oceania"
"Fish","11117",,"North Pacific Ocean","Pacific Ocean","Oceania"
"Fish","11119",,"North Pacific Ocean","Pacific Ocean","Oceania"
"Fish","11092",,"North Pacific Ocean","Pacific Ocean","Oceania"
"Fish","11112",,"North Pacific Ocean","Pacific Ocean","Oceania"
"Fish","11116",,"North Pacific Ocean","Pacific Ocean","Oceania"
"Fish","11127",,"North Pacific Ocean","Pacific Ocean","Oceania"
"Fish","11118",,"North Pacific Ocean","Pacific Ocean","Oceania"
"Fish","11091",,"North Pacific Ocean","Pacific Ocean","Oceania"
"Fish","10778",,"North Pacific Ocean","Pacific Ocean","Oceania"
"Fish","11102",,"North Pacific Ocean","Pacific Ocean","Oceania"
"Fish","11124",,"North Pacific Ocean","Pacific Ocean","Oceania"
"Fish","11106",,"North Pacific Ocean","Pacific Ocean","Oceania"
"Fish","11122",,"North Pacific Ocean","Pacific Ocean","Oceania"
"Fish","11099",,"North Pacific Ocean","Pacific Ocean","Oceania"
"Fish","11110",,"North Pacific Ocean","Pacific Ocean","Oceania"
"Fish","11109",,"North Pacific Ocean","Pacific Ocean","Oceania"
"Fish","11090",,"North Pacific Ocean","Pacific Ocean","Oceania"
"Fish","11098",,"North Pacific Ocean","Pacific Ocean","Oceania"
"Fish","11123",,"North Pacific Ocean","Pacific Ocean","Oceania"
"Fish","11120",,"North Pacific Ocean","Pacific Ocean","Oceania"
"Fish","11113",,"North Pacific Ocean","Pacific Ocean","Oceania"
"Fish","11108",,"North Pacific Ocean","Pacific Ocean","Oceania"
"Fish","11125",,"North Pacific Ocean","Pacific Ocean","Oceania"
"Fish","11095",,"North Pacific Ocean","Pacific Ocean","Oceania"
"Fish","11088",,"North Pacific Ocean","Pacific Ocean","Oceania"
"Fish","11094",,"North Pacific Ocean","Pacific Ocean","Oceania"
"Fish","11111",,"North Pacific Ocean","Pacific Ocean","Oceania"
"Fish","11089",,"North Pacific Ocean","Pacific Ocean","Oceania"
"Fish","11093",,"North Pacific Ocean","Pacific Ocean","Oceania"
"Fish","11107",,"North Pacific Ocean","Pacific Ocean","Oceania"
"Fish","11104",,"North Pacific Ocean","Pacific Ocean","Oceania"
"Fish","11097",,"North Pacific Ocean","Pacific Ocean","Oceania"
"Fish","11096",,"North Pacific Ocean","Pacific Ocean","Oceania"
"Fish","11101",,"North Pacific Ocean","Pacific Ocean","Oceania"
"Fish","11103",,"North Pacific Ocean","Pacific Ocean","Oceania"
"Fish","11115",,"North Pacific Ocean","Pacific Ocean","Oceania"
"Fish","11126",,"North Pacific Ocean","Pacific Ocean","Oceania"
"Fish","11121",,"North Pacific Ocean","Pacific Ocean","Oceania"
"Fish","11105",,"North Pacific Ocean","Pacific Ocean","Oceania"
"Fish","11100",,"North Pacific Ocean","Pacific Ocean","Oceania"
"Fish","107209",,"North Pacific Ocean","Pacific Ocean","Oceania"
"Fish","107203",,"North Pacific Ocean","Pacific Ocean","Oceania"
"Fish","107202",,"North Pacific Ocean","Pacific Ocean","Oceania"
"Fish","107204",,"North Pacific Ocean","Pacific Ocean","Oceania"
"Fish","107205",,"North Pacific Ocean","Pacific Ocean","Oceania"
"Fish","107206",,"North Pacific Ocean","Pacific Ocean","Oceania"
"Fish","107208",,"North Pacific Ocean","Pacific Ocean","Oceania"
"Fish","107201",,"North Pacific Ocean","Pacific Ocean","Oceania"
"Fish","107210",,"North Pacific Ocean","Pacific Ocean","Oceania"
"Fish","107196",,"North Pacific Ocean","Pacific Ocean","Oceania"
"Fish","107197",,"North Pacific Ocean","Pacific Ocean","Oceania"
"Fish","107198",,"North Pacific Ocean","Pacific Ocean","Oceania"
"Fish","107199",,"North Pacific Ocean","Pacific Ocean","Oceania"
"Fish","107200",,"North Pacific Ocean","Pacific Ocean","Oceania"
"Fish","107207",,"North Pacific Ocean","Pacific Ocean","Oceania"
